<application>
  <component name="CodotaSettings">
    <option name="methodCompletionsPercentageSet" value="true" />
    <option name="id" value="8021efb8-cac8-483e-aa83-e285e330600d" />
    <option name="wasRunBefore" value="true" />
    <option name="firstRun" value="1609212666651" />
    <option name="generation" value="128" />
    <option name="updateGeneration" value="1" />
    <option name="isInJSBeta" value="YES" />
    <option name="isMethodCompletionsPercentageActive" value="true" />
    <option name="isMethodCompletionsPercentageSet" value="true" />
    <option name="featureFlags">
      <map>
        <entry key="deep-completions" value="true" />
      </map>
    </option>
    <option name="testedFeatureFlags">
      <set>
        <option value="deep-completions" />
      </set>
    </option>
    <option name="everTurnedOnFeatureFlags">
      <set>
        <option value="deep-completions" />
      </set>
    </option>
    <option name="completeIndexingProjects">
      <map>
        <entry key="a9bd8610" value="1" />
        <entry key="fad18667" value="1" />
      </map>
    </option>
    <option name="usedLanguages">
      <set>
        <option value="java" />
        <option value="javascript" />
      </set>
    </option>
    <option name="lastTabnineRecommendationDisplayDate" value="1626402641656" />
  </component>
</application>