<application>
  <component name="FileTypeManager" version="18">
    <extensionMap>
      <mapping ext="gson" type="Groovy" />
      <mapping ext="gradle" type="Groovy" />
      <mapping ext="ng" type="HTML" />
      <mapping pattern="redmine" type="PLAIN_TEXT" />
      <mapping ext="mapping" type="PLAIN_TEXT" />
      <mapping pattern="tsconfig.app.json" type="tsconfig" />
      <mapping pattern="tsconfig.e2e.json" type="tsconfig" />
      <mapping pattern="tsconfig.spec.json" type="tsconfig" />
      <mapping pattern="tsconfig.lib.json" type="tsconfig" />
      <removed_mapping ext="bat" approved="true" type="PLAIN_TEXT" />
      <removed_mapping ext="cmd" approved="true" type="PLAIN_TEXT" />
      <removed_mapping ext="dockerfile" approved="true" type="textmate" />
      <removed_mapping ext="log" approved="true" type="PLAIN_TEXT" />
      <removed_mapping ext="makefile" approved="true" type="textmate" />
      <removed_mapping ext="snakefile" approved="true" type="textmate" />
      <mapping ext="gradle.kts" type="Kotlin" />
      <mapping ext="main.kts" type="Kotlin" />
    </extensionMap>
  </component>
</application>