<application>
  <component name="ParameterNameHintsSettings">
    <blacklists>
      <blacklist language="Java">
        <added pattern="com.jd.loan.credit.rpc.WyRpc.queryAccInfo(alias)" />
        <added pattern="java.math.BigDecimal.BigDecimal(val)" />
        <added pattern="java.text.SimpleDateFormat.SimpleDateFormat(pattern)" />
        <added pattern="com.jd.risk.common.DateUtils.addMonth(date,amount)" />
        <added pattern="com.jd.risk.dao.DataDao.sumSjzfje(erp,start,end)" />
      </blacklist>
    </blacklists>
  </component>
</application>