<application>
  <component name="UISettings">
    <option name="compactTreeIndents" value="true" />
    <option name="MARK_MODIFIED_TABS_WITH_ASTERISK" value="true" />
    <option name="MAX_LOOKUP_LIST_HEIGHT" value="14" />
    <option name="MAX_LOOKUP_WIDTH2" value="693" />
    <option name="NAVIGATION_BAR_LOCATION" value="TOP" />
    <option name="OVERRIDE_NONIDEA_LAF_FONTS" value="true" />
    <option name="SHOW_MAIN_TOOLBAR" value="true" />
    <option name="WIDESCREEN_SUPPORT" value="true" />
  </component>
</application>