<application>
  <component name="GitRememberedInputs">
    <option name="visitedUrls">
      <list>
        <UrlAndUserName>
          <option name="url" value="ssh://wangsf@review.eff.com:29418/web-crm" />
          <option name="userName" value="" />
        </UrlAndUserName>
        <UrlAndUserName>
          <option name="url" value="http://git.sprucetec.com" />
          <option name="userName" value="wangshaofeng01" />
        </UrlAndUserName>
        <UrlAndUserName>
          <option name="url" value="http://git.int.ybm100.com" />
          <option name="userName" value="wangshaofeng1" />
        </UrlAndUserName>
      </list>
    </option>
    <option name="cloneParentDir" value="E:\ideaWorkspace" />
  </component>
  <component name="Vcs.Log.App.Settings">
    <option name="COLUMN_ID_ORDER">
      <list>
        <option value="Default.Root" />
        <option value="Default.Subject" />
        <option value="Default.Author" />
        <option value="Default.Date" />
      </list>
    </option>
  </component>
</application>