<application>
  <component name="libraryTable">
    <library name="Python 3.6.3 (D:\Python3\python.exe) interpreter library">
      <CLASSES>
        <root url="file://D:/Python3/DLLs" />
        <root url="file://D:/Python3/Lib" />
        <root url="file://D:/Python3" />
        <root url="file://D:/Python3/Lib/site-packages" />
        <root url="file://$USER_HOME$/.IntelliJIdea2017.1/system/python_stubs/1814091409" />
        <root url="file://$APPLICATION_PLUGINS_DIR$/python/helpers/python-skeletons" />
        <root url="file://$APPLICATION_PLUGINS_DIR$/python/helpers/typeshed/stdlib/3.6" />
        <root url="file://$APPLICATION_PLUGINS_DIR$/python/helpers/typeshed/stdlib/3" />
        <root url="file://$APPLICATION_PLUGINS_DIR$/python/helpers/typeshed/stdlib/2and3" />
        <root url="file://$APPLICATION_PLUGINS_DIR$/python/helpers/typeshed/third_party/3" />
        <root url="file://$APPLICATION_PLUGINS_DIR$/python/helpers/typeshed/third_party/2and3" />
      </CLASSES>
      <JAVADOC />
      <SOURCES>
        <root url="file://D:/Python3/DLLs" />
        <root url="file://D:/Python3/Lib" />
        <root url="file://D:/Python3" />
        <root url="file://D:/Python3/Lib/site-packages" />
        <root url="file://$USER_HOME$/.IntelliJIdea2017.1/system/python_stubs/1814091409" />
        <root url="file://$APPLICATION_PLUGINS_DIR$/python/helpers/python-skeletons" />
        <root url="file://$APPLICATION_PLUGINS_DIR$/python/helpers/typeshed/stdlib/3.6" />
        <root url="file://$APPLICATION_PLUGINS_DIR$/python/helpers/typeshed/stdlib/3" />
        <root url="file://$APPLICATION_PLUGINS_DIR$/python/helpers/typeshed/stdlib/2and3" />
        <root url="file://$APPLICATION_PLUGINS_DIR$/python/helpers/typeshed/third_party/3" />
        <root url="file://$APPLICATION_PLUGINS_DIR$/python/helpers/typeshed/third_party/2and3" />
      </SOURCES>
    </library>
  </component>
</application>