<application>
  <component name="ProjectJdkTable">
    <jdk version="2">
      <name value="1.8" />
      <type value="JavaSDK" />
      <version value="java version &quot;1.8.0_45&quot;" />
      <homePath value="D:/Java/jdk1.8.0_45" />
      <roots>
        <classPath>
          <root type="composite">
            <root url="jar://D:/Java/jdk1.8.0_45/jre/lib/charsets.jar!/" type="simple" />
            <root url="jar://D:/Java/jdk1.8.0_45/jre/lib/deploy.jar!/" type="simple" />
            <root url="jar://D:/Java/jdk1.8.0_45/jre/lib/ext/access-bridge-64.jar!/" type="simple" />
            <root url="jar://D:/Java/jdk1.8.0_45/jre/lib/ext/cldrdata.jar!/" type="simple" />
            <root url="jar://D:/Java/jdk1.8.0_45/jre/lib/ext/dnsns.jar!/" type="simple" />
            <root url="jar://D:/Java/jdk1.8.0_45/jre/lib/ext/jaccess.jar!/" type="simple" />
            <root url="jar://D:/Java/jdk1.8.0_45/jre/lib/ext/jfxrt.jar!/" type="simple" />
            <root url="jar://D:/Java/jdk1.8.0_45/jre/lib/ext/localedata.jar!/" type="simple" />
            <root url="jar://D:/Java/jdk1.8.0_45/jre/lib/ext/nashorn.jar!/" type="simple" />
            <root url="jar://D:/Java/jdk1.8.0_45/jre/lib/ext/sunec.jar!/" type="simple" />
            <root url="jar://D:/Java/jdk1.8.0_45/jre/lib/ext/sunjce_provider.jar!/" type="simple" />
            <root url="jar://D:/Java/jdk1.8.0_45/jre/lib/ext/sunmscapi.jar!/" type="simple" />
            <root url="jar://D:/Java/jdk1.8.0_45/jre/lib/ext/sunpkcs11.jar!/" type="simple" />
            <root url="jar://D:/Java/jdk1.8.0_45/jre/lib/ext/zipfs.jar!/" type="simple" />
            <root url="jar://D:/Java/jdk1.8.0_45/jre/lib/javaws.jar!/" type="simple" />
            <root url="jar://D:/Java/jdk1.8.0_45/jre/lib/jce.jar!/" type="simple" />
            <root url="jar://D:/Java/jdk1.8.0_45/jre/lib/jfr.jar!/" type="simple" />
            <root url="jar://D:/Java/jdk1.8.0_45/jre/lib/jfxswt.jar!/" type="simple" />
            <root url="jar://D:/Java/jdk1.8.0_45/jre/lib/jsse.jar!/" type="simple" />
            <root url="jar://D:/Java/jdk1.8.0_45/jre/lib/management-agent.jar!/" type="simple" />
            <root url="jar://D:/Java/jdk1.8.0_45/jre/lib/plugin.jar!/" type="simple" />
            <root url="jar://D:/Java/jdk1.8.0_45/jre/lib/resources.jar!/" type="simple" />
            <root url="jar://D:/Java/jdk1.8.0_45/jre/lib/rt.jar!/" type="simple" />
          </root>
        </classPath>
        <sourcePath>
          <root type="composite">
            <root url="jar://D:/Java/jdk1.8.0_45/src.zip!/" type="simple" />
            <root url="jar://D:/Java/jdk1.8.0_45/javafx-src.zip!/" type="simple" />
          </root>
        </sourcePath>
      </roots>
      <additional />
    </jdk>
    <jdk version="2">
      <name value="1.7" />
      <type value="JavaSDK" />
      <version value="java version &quot;1.7.0_67&quot;" />
      <homePath value="D:/Java/jdk1.7.0_67" />
      <roots>
        <classPath>
          <root type="composite">
            <root url="jar://D:/Java/jdk1.7.0_67/jre/lib/charsets.jar!/" type="simple" />
            <root url="jar://D:/Java/jdk1.7.0_67/jre/lib/deploy.jar!/" type="simple" />
            <root url="jar://D:/Java/jdk1.7.0_67/jre/lib/ext/access-bridge-64.jar!/" type="simple" />
            <root url="jar://D:/Java/jdk1.7.0_67/jre/lib/ext/dnsns.jar!/" type="simple" />
            <root url="jar://D:/Java/jdk1.7.0_67/jre/lib/ext/jaccess.jar!/" type="simple" />
            <root url="jar://D:/Java/jdk1.7.0_67/jre/lib/ext/localedata.jar!/" type="simple" />
            <root url="jar://D:/Java/jdk1.7.0_67/jre/lib/ext/sunec.jar!/" type="simple" />
            <root url="jar://D:/Java/jdk1.7.0_67/jre/lib/ext/sunjce_provider.jar!/" type="simple" />
            <root url="jar://D:/Java/jdk1.7.0_67/jre/lib/ext/sunmscapi.jar!/" type="simple" />
            <root url="jar://D:/Java/jdk1.7.0_67/jre/lib/ext/zipfs.jar!/" type="simple" />
            <root url="jar://D:/Java/jdk1.7.0_67/jre/lib/javaws.jar!/" type="simple" />
            <root url="jar://D:/Java/jdk1.7.0_67/jre/lib/jce.jar!/" type="simple" />
            <root url="jar://D:/Java/jdk1.7.0_67/jre/lib/jfr.jar!/" type="simple" />
            <root url="jar://D:/Java/jdk1.7.0_67/jre/lib/jfxrt.jar!/" type="simple" />
            <root url="jar://D:/Java/jdk1.7.0_67/jre/lib/jsse.jar!/" type="simple" />
            <root url="jar://D:/Java/jdk1.7.0_67/jre/lib/management-agent.jar!/" type="simple" />
            <root url="jar://D:/Java/jdk1.7.0_67/jre/lib/plugin.jar!/" type="simple" />
            <root url="jar://D:/Java/jdk1.7.0_67/jre/lib/resources.jar!/" type="simple" />
            <root url="jar://D:/Java/jdk1.7.0_67/jre/lib/rt.jar!/" type="simple" />
          </root>
        </classPath>
        <sourcePath>
          <root type="composite">
            <root url="jar://D:/Java/jdk1.7.0_67/src.zip!/" type="simple" />
          </root>
        </sourcePath>
      </roots>
      <additional />
    </jdk>
    <jdk version="2">
      <name value="1.6" />
      <type value="JavaSDK" />
      <version value="java version &quot;1.6.0_43&quot;" />
      <homePath value="D:/Java/jdk1.6.0_43" />
      <roots>
        <classPath>
          <root type="composite">
            <root url="jar://D:/Java/jdk1.6.0_43/jre/lib/charsets.jar!/" type="simple" />
            <root url="jar://D:/Java/jdk1.6.0_43/jre/lib/deploy.jar!/" type="simple" />
            <root url="jar://D:/Java/jdk1.6.0_43/jre/lib/ext/bcprov-jdk15on-154.jar!/" type="simple" />
            <root url="jar://D:/Java/jdk1.6.0_43/jre/lib/ext/dnsns.jar!/" type="simple" />
            <root url="jar://D:/Java/jdk1.6.0_43/jre/lib/ext/localedata.jar!/" type="simple" />
            <root url="jar://D:/Java/jdk1.6.0_43/jre/lib/ext/sunjce_provider.jar!/" type="simple" />
            <root url="jar://D:/Java/jdk1.6.0_43/jre/lib/ext/sunmscapi.jar!/" type="simple" />
            <root url="jar://D:/Java/jdk1.6.0_43/jre/lib/javaws.jar!/" type="simple" />
            <root url="jar://D:/Java/jdk1.6.0_43/jre/lib/jce.jar!/" type="simple" />
            <root url="jar://D:/Java/jdk1.6.0_43/jre/lib/jsse.jar!/" type="simple" />
            <root url="jar://D:/Java/jdk1.6.0_43/jre/lib/management-agent.jar!/" type="simple" />
            <root url="jar://D:/Java/jdk1.6.0_43/jre/lib/plugin.jar!/" type="simple" />
            <root url="jar://D:/Java/jdk1.6.0_43/jre/lib/resources.jar!/" type="simple" />
            <root url="jar://D:/Java/jdk1.6.0_43/jre/lib/rt.jar!/" type="simple" />
          </root>
        </classPath>
        <sourcePath>
          <root type="composite">
            <root url="jar://D:/Java/jdk1.6.0_43/src.zip!/" type="simple" />
          </root>
        </sourcePath>
      </roots>
      <additional />
    </jdk>
    <jdk version="2">
      <name value="Python 3.6.3 (D:\Python3\python.exe)" />
      <type value="Python SDK" />
      <version value="Python 3.6.3" />
      <homePath value="D:\Python3\python.exe" />
      <roots>
        <classPath>
          <root type="composite">
            <root url="file://D:/Python3/DLLs" type="simple" />
            <root url="file://D:/Python3/Lib" type="simple" />
            <root url="file://D:/Python3" type="simple" />
            <root url="file://D:/Python3/Lib/site-packages" type="simple" />
            <root url="file://$USER_HOME$/.IntelliJIdea2017.1/system/python_stubs/1814091409" type="simple" />
            <root url="file://$APPLICATION_PLUGINS_DIR$/python/helpers/python-skeletons" type="simple" />
            <root url="file://$APPLICATION_PLUGINS_DIR$/python/helpers/typeshed/stdlib/3.6" type="simple" />
            <root url="file://$APPLICATION_PLUGINS_DIR$/python/helpers/typeshed/stdlib/3" type="simple" />
            <root url="file://$APPLICATION_PLUGINS_DIR$/python/helpers/typeshed/stdlib/2and3" type="simple" />
            <root url="file://$APPLICATION_PLUGINS_DIR$/python/helpers/typeshed/third_party/3" type="simple" />
            <root url="file://$APPLICATION_PLUGINS_DIR$/python/helpers/typeshed/third_party/2and3" type="simple" />
          </root>
        </classPath>
        <sourcePath>
          <root type="composite" />
        </sourcePath>
      </roots>
      <additional />
    </jdk>
  </component>
</application>