<application>
  <component name="UISettings">
    <option name="FONT_FACE" value="Microsoft YaHei" />
    <option name="HIDE_TOOL_STRIPES" value="false" />
    <option name="MARK_MODIFIED_TABS_WITH_ASTERISK" value="true" />
    <option name="MAX_LOOKUP_LIST_HEIGHT" value="14" />
    <option name="OVERRIDE_NONIDEA_LAF_FONTS" value="true" />
    <option name="SHOW_MAIN_TOOLBAR" value="true" />
    <option name="SHOW_MEMORY_INDICATOR" value="true" />
    <option name="WIDESCREEN_SUPPORT" value="true" />
  </component>
</application>