<application>
  <component name="GitRememberedInputs">
    <option name="visitedUrls">
      <list>
        <UrlAndUserName>
          <option name="url" value="ssh://wangsf@review.eff.com:29418/web-crm" />
          <option name="userName" value="" />
        </UrlAndUserName>
        <UrlAndUserName>
          <option name="url" value="http://git.sprucetec.com" />
          <option name="userName" value="wangshaofeng01" />
        </UrlAndUserName>
      </list>
    </option>
    <option name="cloneParentDir" value="E:\ideaWorkspace" />
  </component>
</application>